carrera,institucion,acreditacion_institucion,acreditacion_carrera,periodo_acreditacion_carrera,Desde ,Hasta ,Enlace,Documento_Acreditador
Diseño,UNIVERSIDAD DE VIÑA DEL MAR,4 años,3 años,2015 - 2018,2015,2018,http://www.aadsa.cl/convenios/Acuerdo%20de%20Acreditacion%20N40%20Diseno%20Grafico%20U%20Vina%20del%20Mar.pdf,Acuerdo
Diseño Gráfico Publicitario,IP LOS LEONES,no acreditada,3 años,2016 -  2019,2016,2019,S/I,No Acreditada
Diseño Gráfico,IP SANTO TOMAS,3 años,4 años,2016 - 2020,2016,2020,http://www.acreditadoradechile.cl/wp-content/uploads/2014/01/Acuerdo-N%C2%BA214-Dise%C3%B1o-Gr%C3%A1fico-IPST.pdf,Acuerdo
Diseño Gráfico,IP SANTO TOMAS,3 años,4 años,2016 - 2020,2016,2020,http://www.acreditadoradechile.cl/wp-content/uploads/2014/01/Acuerdo-N%C2%BA214-Dise%C3%B1o-Gr%C3%A1fico-IPST.pdf,Acuerdo
Diseño Gráfico,IP SANTO TOMAS,3 años,4 años,2016 - 2020,2016,2020,http://www.acreditadoradechile.cl/wp-content/uploads/2014/01/Acuerdo-N%C2%BA214-Dise%C3%B1o-Gr%C3%A1fico-IPST.pdf,Acuerdo
Diseño Gráfico,IP SANTO TOMAS,3 años,4 años,2016 - 2020,2016,2020,http://www.acreditadoradechile.cl/wp-content/uploads/2014/01/Acuerdo-N%C2%BA214-Dise%C3%B1o-Gr%C3%A1fico-IPST.pdf,Acuerdo
Diseño Gráfico,IP SANTO TOMAS,3 años,4 años,2016 - 2020,2016,2020,http://www.acreditadoradechile.cl/wp-content/uploads/2014/01/Acuerdo-N%C2%BA214-Dise%C3%B1o-Gr%C3%A1fico-IPST.pdf,Acuerdo
Diseño Gráfico,IP SANTO TOMAS,3 años,4 años,2016 - 2020,2016,2020,http://www.acreditadoradechile.cl/wp-content/uploads/2014/01/Acuerdo-N%C2%BA214-Dise%C3%B1o-Gr%C3%A1fico-IPST.pdf,Acuerdo
Diseño Mención Comunicación/Equipamiento,UNIVERSIDAD DE LA SERENA,4 años,4 años,2016 - 2020,2016,2020,http://www.acreditaccion.cl/dictamenes/Resolucion_de_Acreditacion_N583_Diseno_ULS.pdf,Acuerdo
Diseño Gráfico,UNIVERSIDAD CATOLICA DE TEMUCO,4 años ,4 años,2016 - 2020,2016,2020,http://www.acreditadoradechile.cl/wp-content/uploads/2017/03/Acuerdo-N%C2%BA464.pdf,Acuerdo
Diseño de Interiores,UNIVERSIDAD DEL PACIFICO,no acreditada,4 años,2014 - 2018 ,2014,2018,S/I,No Acreditada
Diseño Gráfico,IP AIEP,3 años,5 años, 2015 - 2020,2015,2020,http://www.acreditadoradechile.cl/wp-content/uploads/2016/03/Acuerdo-N%C2%BA404.pdf,Acuerdo
Diseño de Vestuario Profesional Mención Alta Costura,IP AIEP,3 años,5 años,2013 - 2018 ,2013,2018,http://www.acreditadoradechile.cl/wp-content/uploads/2014/01/Acuerdo-N%C2%BA231-Dise%C3%B1o-de-Vestuario-AIEP.pdf,Acuerdo
Diseño Gráfico Profesional,IP AIEP,3 años,5 años,2015 - 2020,2015,2020,http://www.acreditadoradechile.cl/wp-content/uploads/2016/03/Acuerdo-N%C2%BA404.pdf,Acuerdo
Técnico en Diseño Publicitario Multimedial,IP SANTO TOMAS,3 años,5 años,2013 - 2018 ,2013,2018,http://www.acreditadoradechile.cl/wp-content/uploads/2014/01/Acuerdo-N%C2%BA214-Dise%C3%B1o-Gr%C3%A1fico-IPST.pdf,Acuerdo
Diseño en Comunicación Visual,UNIVERSIDAD TECNOLOGICA METROPOLITANA,4 años,5 años,2016 - 2021,2016,2021,http://www.acreditadoradechile.cl/wp-content/uploads/2016/03/Acuerdo-N%C2%BA421.pdf,Acuerdo
Diseño,UNIVERSIDAD DE TALCA,5 años,5 años,2014 - 2019,2014,2019,http://www.aadsa.cl/convenios/Acuerdo%20de%20Acreditacion%20N35%20Diseno%20U%20de%20Talca.pdf,Acuerdo
Diseño,UNIVERSIDAD DE VALPARAISO,5 años,5 años,2015 - 2020,2015,2020,http://www.aadsa.cl/convenios/Acuerdo%20de%20Acreditacion%20N42%20Diseno%20U%20de%20Valparaiso.pdf,Acuerdo
Diseño Multimedia,UNIVERSIDAD DE TARAPACA,5 años,5 años,2015 - 2020 ,2015,2020,http://www.acreditaccion.cl/dictamenes/Dictamen_N492_Diseno_Multimedia_UTA.pdf,Acuerdo
Diseño y Producción Gráfica,CFT INACAP,6 años,5 años,2014 - 2019,2014,2019,http://www.inacap.cl/web/acreditacion/ReposicionN65-Diseno-Prod-Grafica.pdf,Acuerdo
Diseño y Producción Gráfica,CFT INACAP,6 años,5 años,2014 - 2019,2014,2019,http://www.inacap.cl/web/acreditacion/ReposicionN65-Diseno-Prod-Grafica.pdf,Acuerdo
Diseño Gráfico,PONTIFICIA UNIVERSIDAD CATOLICA DE VALPARAISO,7 años,5 años,2013 - 2018,2013,2018,http://www.aadsa.cl/convenios/Acuerdo%20de%20Acreditacion%20N24%20Diseno%20Grafico%20PUCV.pdf,Acuerdo
Diseño Industrial,PONTIFICIA UNIVERSIDAD CATOLICA DE VALPARAISO,7 años ,5 años, 2013 - 2018,2013,2018,http://www.aadsa.cl/convenios/Acuerdo%20de%20Acreditacion%20N25%20Diseno%20Industrial%20PUCV.pdf,Acuerdo
Diseño Vestuario y Textiles,UNIVERSIDAD DEL PACIFICO,no acreditada,5 años,2013 - 2018,2014,2018,http://www.acreditadoradechile.cl/wp-content/uploads/2014/01/Acuerdo-N%C2%BA220-Dise%C3%B1o-de-Vestuario-U-Pac%C3%ADfico.pdf,Acuerdo
Diseño Gráfico,UNIVERSIDAD DEL PACIFICO,no acreditada,5 años,2013 - 2018,2013,2018,S/I,No Acreditada
Diseño Gráfico,UNIVERSIDAD DE CHILE,7 años,5 años ,2012 - 2017,2012,2017,http://www.aadsa.cl/convenios/Acuerdo%20de%20Acreditacion%20N20%20Diseno%20U%20Chile.pdf,Acuerdo
Diseño Industrial,UNIVERSIDAD DE CHILE,7 años,5 años ,2012 - 2017,2012,2017,http://www.aadsa.cl/convenios/Acuerdo%20de%20Acreditacion%20N20%20Diseno%20U%20Chile.pdf,Acuerdo
Diseño Industrial,UNIVERSIDAD TECNOLOGICA METROPOLITANA,4 años,6 años,2016 - 2022,2016,2022,http://www.acreditaccion.cl/dictamenes/Resolucion_de_Acreditacion_N584_Diseno_Industrial_UTEM.pdf,Acuerdo
Diseño Industrial,UNIVERSIDAD DEL BIO-BIO,5 años,6 años,2013 - 2019,2013,2019,http://www.acreditaccion.cl/dictamenes/Dictamen_N344_Diseno_Industrial_UBB.pdf,Acuerdo
Diseño,UNIVERSIDAD DEL DESARROLLO,5 años,6 años,2012 - 2018 ,2012,2018,http://www.acreditadoradechile.cl/wp-content/uploads/2013/06/Reposici%C3%B3n-N%C2%BA39-Dise%C3%B1o-UDD.pdf,Acuerdo
Diseño,UNIVERSIDAD DEL DESARROLLO,5 años,6 años,2012 - 2018 ,2012,2018,http://www.acreditadoradechile.cl/wp-content/uploads/2013/06/Reposici%C3%B3n-N%C2%BA39-Dise%C3%B1o-UDD.pdf,Acuerdo
Diseño,UNIVERSIDAD DIEGO PORTALES,5 años,6 años,2016 - 2022 ,2016,2022,http://www.aadsa.cl/convenios/Acuerdo%20de%20Acreditacion%20N13%20Diseno%20UDP.pdf,Acuerdo
Diseño de Moda,IP INACAP,6 años,6 años,2016 - 2022,2016,2022,http://www.inacap.cl/web/acreditacion/Reposicion-N103-Diseno-de-Moda.pdf,Acuerdo
Diseño Gráfico Profesional,IP INACAP,6 años,6 años,2014 - 2020 ,2014,2020,http://www.inacap.cl/web/acreditacion/Diseno-Grafico-Profesional.pdf,Acuerdo
Diseño Gráfico Profesional,IP INACAP,6 años,6 años,2014 - 2020 ,2014,2020,http://www.inacap.cl/web/acreditacion/Diseno-Grafico-Profesional.pdf,Acuerdo
Diseño Gráfico Profesional,IP INACAP,6 años,6 años,2014 - 2020 ,2014,2020,http://www.inacap.cl/web/acreditacion/Diseno-Grafico-Profesional.pdf,Acuerdo
Diseño Gráfico Profesional,IP INACAP,6 años,6 años,2014 - 2020 ,2014,2020,http://www.inacap.cl/web/acreditacion/Diseno-Grafico-Profesional.pdf,Acuerdo
Diseño Gráfico Profesional,IP INACAP,6 años,6 años,2014 - 2020 ,2014,2020,http://www.inacap.cl/web/acreditacion/Diseno-Grafico-Profesional.pdf,Acuerdo
Diseño de Moda,IP INACAP,6 años,6 años,2016 - 2022,2016,2022,http://www.inacap.cl/web/acreditacion/Diseno-Grafico-Profesional.pdf,Acuerdo
Diseño Gráfico Profesional,IP INACAP,6 años,6 años,2014 - 2020,2014,2020,http://www.inacap.cl/web/acreditacion/Diseno-Grafico-Profesional.pdf,Acuerdo
Diseño Gráfico Profesional,IP INACAP,6 años,6 años,2014 - 2020,2014,2020,http://www.inacap.cl/web/acreditacion/Diseno-Grafico-Profesional.pdf,Acuerdo
Diseño Gráfico Profesional,IP INACAP,6 años,6 años,2014 - 2020 ,2014,2020,http://www.inacap.cl/web/acreditacion/Diseno-Grafico-Profesional.pdf,Acuerdo
Diseño Gráfico Profesional,IP INACAP,6 años,6 años,2014 - 2020 ,2014,2020,http://www.inacap.cl/web/acreditacion/Diseno-Grafico-Profesional.pdf,Acuerdo
Diseño Gráfico Profesional ,IP INACAP,6 años,6 años,2014 - 2020 ,2014,2020,http://www.inacap.cl/web/acreditacion/Diseno-Grafico-Profesional.pdf,Acuerdo
Diseño Gráfico Profesional,IP INACAP,6 años,6 años,2014 - 2020 ,2014,2020,http://www.inacap.cl/web/acreditacion/Diseno-Grafico-Profesional.pdf,Acuerdo
Diseño Gráfico,IP DUOC UC,7 años,6 años,2011 - 2017,2011,2017,https://www.cnachile.cl/res/preg/RES-PREG-01064-01.pdf,Acuerdo
Diseño de Ambiente,IP DUOC UC,7 años,6 años,2017 - 2023,2017,2023,http://www.acreditadoradechile.cl/wp-content/uploads/2017/03/Acuerdo-N%C2%BA520.pdf,Acuerdo
Diseño de Ambiente,IP DUOC UC,7 años,6 años,2017 - 2023,2017,2023,http://www.acreditadoradechile.cl/wp-content/uploads/2017/03/Acuerdo-N%C2%BA520.pdf,Acuerdo
Diseño Gráfico,IP DUOC UC,7 años,6 años,2011 - 2017,2011,2017,https://www.cnachile.cl/res/preg/RES-PREG-01064-01.pdf,Acuerdo
Diseño Industrial,IP DUOC UC,7 años,6 años,2017 - 2023,2017,2023,http://www.acreditadoradechile.cl/wp-content/uploads/2014/01/Acuerdo-N%C2%BA222-Dise%C3%B1o-Industrial-DUOC.pdf,Acuerdo
Diseño Gráfico,IP DUOC UC,7 años,6 años,2011 - 2017,2011,2017,https://www.cnachile.cl/res/preg/RES-PREG-01064-01.pdf,Acuerdo
Diseño de Moda,IP INACAP,6 años,6 años ,2016 - 2022,2016,2022,http://www.inacap.cl/web/acreditacion/Reposicion-N103-Diseno-de-Moda.pdf,Acuerdo
Diseño,PONTIFICIA UNIVERSIDAD CATÓLICA DE CHILE,7 años,7 años,2015 - 2022,2015,2022,http://uctransparente.uc.cl/index.php?option=com_docman&task=doc_download&gid=571&Itemid=,Acuerdo
Diseño de Vestuario,IP DUOC UC,7 años,7 años,2010 - 2017,2010,2017,http://www.acreditadoradechile.cl/wp-content/uploads/2011/11/Acuerdo_N%b051_Diseno_de_Vestuario_DUOC.pdf,Acuerdo
"Diseño Crossmedia en Gráfica, Web y Video Digital",UNIVERSIDAD GABRIELA MISTRAL,2 años,no acreditada,S/I,S/I,S/I,S/I,No Acreditada
Diseño Gráfico,UNIVERSIDAD DE LAS AMERICAS,3 años,no acreditada,S/I,S/I,S/I,S/I,No Acreditada
Diseño,IP DE CHILE,4 años,no acreditada,S/I,S/I,S/I,S/I,No Acreditada
Diseño de Juegos Digitales,UNIVERSIDAD ANDRES BELLO,4 años,no acreditada,S/I,S/I,S/I,S/I,No Acreditada
Diseño de Vestuario y Textil,UNIVERSIDAD ANDRES BELLO,4 años,no acreditada,S/I,S/I,S/I,S/I,No Acreditada
Diseño Gráfico,UNIVERSIDAD ANDRES BELLO,4 años,no acreditada,S/I,S/I,S/I,S/I,No Acreditada
Diseño,UNIVERSIDAD FINIS TERRAE,4 años,no acreditada,S/I,S/I,S/I,S/I,No Acreditada
Diseño Gráfico,UNIVERSIDAD ANDRES BELLO,4 años ,no acreditada,S/I,S/I,S/I,S/I,No Acreditada
Diseño Gráfico,UNIVERSIDAD DEL BIO-BIO,5 años,no acreditada,2013 - 2016,2013,2016,http://www.acreditaccion.cl/dictamenes/dictamen_n221_diseno_grafico_ubb.pdf,Acuerdo
Diseño,UNIVERSIDAD ADOLFO IBAÑEZ,5 años,no acreditada,S/I,S/I,S/I,S/I,No Acreditada
Diseño Mención Industrial/Gráfico/Ambienstes,UNIVERSIDAD MAYOR,5 años,no acreditada,S/I,S/I,S/I,S/I,No Acreditada
Diseño Web & Mobile,CFT INACAP,6 años,no acreditada,S/I,S/I,S/I,S/I,No Acreditada
"Diseño de Vesturaio, Moldaje y Confección",CFT DE ENSEÑANZA DE ALTA COSTURA PAULINA DIARD,no acreditada,no acreditada,S/I,S/I,S/I,S/I,No Acreditada
Diseño Gráfico Computacional,CFT ICEL,no acreditada,no acreditada,S/I,S/I,S/I,S/I,No Acreditada
Diseño Gráfico Computacional,CFT ICEL,no acreditada,no acreditada,S/I,S/I,S/I,S/I,No Acreditada
Diseño de Imagen Especialidad Moda,"UNIVERSIDAD DE ARTES, CIENCIAS Y COMUNICACION",no acreditada,no acreditada,S/I,S/I,S/I,S/I,No Acreditada
Diseño Teatral,UNIVERSIDAD DE CHILE,no acreditada,no acreditada,S/I,S/I,S/I,S/I,No Acreditada
